Campus,City,Degree,Email,EnrollmentStatus,EntryTerm,EntryYear,ExpectedGraduateTerm,ExpectedGraduateYear,FirstName,Gender,LastName,LocalAddress,LocalPhone,MiddleName,NeuId,Race,Scholarship,State,VisaType,Zip
SEATTLE,Seattle,MASTERS,James000@gmail.com,GRADUATED,FALL,2014,SUMMER,2017,James,M,Hall,401 Terry Ave N,2066566931,,000,Hispanic,No,WA,,98109
SEATTLE,Seattle,MASTERS,Kimberly001@gmail.com,FULL_TIME,FALL,2016,SUMMER,2019,Kimberly,F,White,401 Terry Ave N,2060167621,,001,Asian,No,WA,,98109
SEATTLE,Seattle,MASTERS,Kenneth002@gmail.com,FULL_TIME,FALL,2016,SUMMER,2019,Kenneth,M,Ward,401 Terry Ave N,2060461826,,002,Hispanic,No,WA,F1,98109
SEATTLE,Seattle,MASTERS,Patricia003@gmail.com,FULL_TIME,SPRING,2016,SUMMER,2019,Patricia,F,Taylor,401 Terry Ave N,2060010058,,003,Hispanic,No,WA,,98109
BOSTON,Boston,MASTERS,Charles004@gmail.com,FULL_TIME,FALL,2017,SUMMER,2020,Charles,M,Wood,360 Huntington Ave,6173836601,,004,white,No,MA,,02115
CHARLOTTE,Charlotte,MASTERS,Susan005@gmail.com,FULL_TIME,SPRING,2016,SUMMER,2019,Susan,F,White,101 N Tryon St,9808005627,,005,African American,No,NC,F1,28246
BOSTON,Boston,MASTERS,Steven006@gmail.com,FULL_TIME,SPRING,2015,SUMMER,2018,Steven,M,Miller,360 Huntington Ave,6172559539,,006,African American,No,MA,F1,02115
BOSTON,Boston,MASTERS,Sandra007@gmail.com,FULL_TIME,FALL,2016,SUMMER,2019,Sandra,F,Lee,360 Huntington Ave,6173430222,,007,white,Yes,MA,F1,02115
BOSTON,Boston,MASTERS,James008@gmail.com,FULL_TIME,FALL,2017,SUMMER,2020,James,M,Wood,360 Huntington Ave,6179041338,,008,Hispanic,No,MA,,02115
BOSTON,Boston,MASTERS,Richard009@gmail.com,FULL_TIME,FALL,2015,SUMMER,2018,Richard,M,Williams,360 Huntington Ave,6177998807,,009,Hispanic,No,MA,,02115
SEATTLE,Seattle,MASTERS,Matthew010@gmail.com,FULL_TIME,FALL,2015,SUMMER,2018,Matthew,M,Carter,401 Terry Ave N,2065763302,,010,African American,No,WA,,98109
SEATTLE,Seattle,MASTERS,Mark011@gmail.com,FULL_TIME,FALL,2016,SUMMER,2019,Mark,M,Miller,401 Terry Ave N,2067588235,,011,African American,No,WA,,98109
SEATTLE,Seattle,MASTERS,Steven012@gmail.com,FULL_TIME,FALL,2017,SUMMER,2020,Steven,M,Williams,401 Terry Ave N,2066994706,,012,Asian,No,WA,F1,98109
SILICON_VALLEY,San Jose,MASTERS,Betty013@gmail.com,FULL_TIME,SPRING,2016,SUMMER,2019,Betty,F,Hall,Front Street,2203736562,,013,African American,No,CA,,94080
BOSTON,Boston,MASTERS,Kenneth014@gmail.com,FULL_TIME,SPRING,2015,SUMMER,2018,Kenneth,M,Ward,360 Huntington Ave,6170600588,,014,white,No,MA,F1,02115
SEATTLE,Seattle,MASTERS,Karen015@gmail.com,GRADUATED,FALL,2014,SUMMER,2017,Karen,F,Smith,401 Terry Ave N,2061862428,,015,African American,No,WA,F1,98109
SEATTLE,Seattle,MASTERS,David016@gmail.com,FULL_TIME,FALL,2015,SUMMER,2018,David,M,White,401 Terry Ave N,2063628661,,016,Asian,Yes,WA,F1,98109
BOSTON,Boston,MASTERS,Anthony017@gmail.com,FULL_TIME,FALL,2016,SUMMER,2019,Anthony,M,Johnson,360 Huntington Ave,6176444525,,017,Hispanic,No,MA,F1,02115
SEATTLE,Seattle,MASTERS,Lisa018@gmail.com,FULL_TIME,FALL,2017,SUMMER,2020,Lisa,F,Davis,401 Terry Ave N,2063237066,,018,African American,No,WA,,98109
SEATTLE,Seattle,MASTERS,Karen019@gmail.com,GRADUATED,FALL,2014,SUMMER,2017,Karen,F,Lopez,401 Terry Ave N,2062479594,,019,Hispanic,No,WA,,98109
SILICON_VALLEY,San Jose,MASTERS,Michael020@gmail.com,FULL_TIME,FALL,2015,SUMMER,2018,Michael,M,Williams,Front Street,2205211312,,020,Asian,No,CA,F1,94080
BOSTON,Boston,MASTERS,Steven021@gmail.com,GRADUATED,FALL,2014,SUMMER,2017,Steven,M,Allen,360 Huntington Ave,6173768209,,021,Asian,No,MA,F1,02115
SEATTLE,Seattle,MASTERS,Kenneth022@gmail.com,FULL_TIME,FALL,2016,SUMMER,2019,Kenneth,M,Brown,401 Terry Ave N,2066833494,,022,white,Yes,WA,F1,98109
SEATTLE,Seattle,MASTERS,James023@gmail.com,FULL_TIME,SPRING,2016,SUMMER,2019,James,M,Johnson,401 Terry Ave N,2064397528,,023,African American,No,WA,,98109
BOSTON,Boston,MASTERS,Barbara024@gmail.com,FULL_TIME,SPRING,2016,SUMMER,2019,Barbara,F,Jackson,360 Huntington Ave,6173731049,,024,Asian,No,MA,F1,02115
CHARLOTTE,Charlotte,MASTERS,Dorothy025@gmail.com,FULL_TIME,FALL,2016,SUMMER,2019,Dorothy,F,Lee,101 N Tryon St,9807227523,,025,Asian,No,NC,,28246
BOSTON,Boston,MASTERS,Andrew026@gmail.com,FULL_TIME,SPRING,2017,SUMMER,2020,Andrew,M,Taylor,360 Huntington Ave,6170681655,,026,African American,No,MA,,02115
BOSTON,Boston,MASTERS,Margaret027@gmail.com,FULL_TIME,FALL,2017,SUMMER,2020,Margaret,F,Ward,360 Huntington Ave,6174362863,,027,white,No,MA,,02115
BOSTON,Boston,MASTERS,Thomas028@gmail.com,FULL_TIME,FALL,2017,SUMMER,2020,Thomas,M,Wood,360 Huntington Ave,6179065578,,028,Hispanic,No,MA,,02115
SILICON_VALLEY,San Jose,MASTERS,Lisa029@gmail.com,FULL_TIME,FALL,2017,SUMMER,2020,Lisa,F,Gray,Front Street,2200408795,,029,white,Yes,CA,F1,94080
BOSTON,Boston,MASTERS,Kimberly030@gmail.com,FULL_TIME,FALL,2015,SUMMER,2018,Kimberly,F,Hall,360 Huntington Ave,6177131635,,030,Asian,No,MA,,02115
BOSTON,Boston,MASTERS,Christopher031@gmail.com,FULL_TIME,FALL,2017,SUMMER,2020,Christopher,M,White,360 Huntington Ave,6173775730,,031,white,No,MA,F1,02115
BOSTON,Boston,MASTERS,Mary032@gmail.com,FULL_TIME,FALL,2017,SUMMER,2020,Mary,F,Lopez,360 Huntington Ave,6170530041,,032,Asian,No,MA,,02115
CHARLOTTE,Charlotte,MASTERS,David033@gmail.com,GRADUATED,FALL,2014,SUMMER,2017,David,M,Ward,101 N Tryon St,9808533192,,033,Asian,No,NC,F1,28246
SEATTLE,Seattle,MASTERS,Sarah034@gmail.com,FULL_TIME,SPRING,2015,SUMMER,2018,Sarah,F,Miller,401 Terry Ave N,2065810011,,034,African American,No,WA,F1,98109
SEATTLE,Seattle,MASTERS,David035@gmail.com,GRADUATED,FALL,2014,SUMMER,2017,David,M,Miller,401 Terry Ave N,2060207263,,035,Hispanic,No,WA,,98109
BOSTON,Boston,MASTERS,Anthony036@gmail.com,FULL_TIME,FALL,2016,SUMMER,2019,Anthony,M,Smith,360 Huntington Ave,6175873160,,036,Hispanic,Yes,MA,F1,02115
SEATTLE,Seattle,MASTERS,Kenneth037@gmail.com,FULL_TIME,FALL,2017,SUMMER,2020,Kenneth,M,Johnson,401 Terry Ave N,2069350750,,037,Hispanic,No,WA,F1,98109
SEATTLE,Seattle,MASTERS,William038@gmail.com,GRADUATED,FALL,2014,SUMMER,2017,William,M,Davis,401 Terry Ave N,2064194453,,038,African American,No,WA,,98109
SEATTLE,Seattle,MASTERS,Mary039@gmail.com,GRADUATED,FALL,2014,SUMMER,2017,Mary,F,Taylor,401 Terry Ave N,2068061847,,039,white,No,WA,F1,98109
SEATTLE,Seattle,MASTERS,Nancy040@gmail.com,FULL_TIME,FALL,2017,SUMMER,2020,Nancy,F,Wood,401 Terry Ave N,2068709297,,040,Hispanic,No,WA,F1,98109
BOSTON,Boston,MASTERS,Jessica041@gmail.com,GRADUATED,FALL,2014,SUMMER,2017,Jessica,F,Hall,360 Huntington Ave,6175937189,,041,Asian,No,MA,F1,02115
SEATTLE,Seattle,MASTERS,Matthew042@gmail.com,FULL_TIME,FALL,2017,SUMMER,2020,Matthew,M,Smith,401 Terry Ave N,2065495804,,042,Hispanic,Yes,WA,F1,98109
BOSTON,Boston,MASTERS,Christopher043@gmail.com,FULL_TIME,FALL,2016,SUMMER,2019,Christopher,M,Allen,360 Huntington Ave,6177889699,,043,Hispanic,No,MA,F1,02115
SEATTLE,Seattle,MASTERS,Steven044@gmail.com,FULL_TIME,FALL,2017,SUMMER,2020,Steven,M,Perry,401 Terry Ave N,2064968430,,044,African American,No,WA,,98109
SEATTLE,Seattle,MASTERS,Paul045@gmail.com,FULL_TIME,FALL,2015,SUMMER,2018,Paul,M,Gray,401 Terry Ave N,2069564838,,045,Hispanic,No,WA,,98109
BOSTON,Boston,MASTERS,Robert046@gmail.com,FULL_TIME,FALL,2015,SUMMER,2018,Robert,M,Jones,360 Huntington Ave,6175877030,,046,Asian,No,MA,,02115
BOSTON,Boston,MASTERS,Christopher047@gmail.com,FULL_TIME,FALL,2016,SUMMER,2019,Christopher,M,Miller,360 Huntington Ave,6172972282,,047,Hispanic,No,MA,F1,02115
BOSTON,Boston,MASTERS,Steven048@gmail.com,FULL_TIME,FALL,2016,SUMMER,2019,Steven,M,Jackson,360 Huntington Ave,6176394129,,048,African American,Yes,MA,F1,02115
SEATTLE,Seattle,MASTERS,Kenneth049@gmail.com,FULL_TIME,FALL,2017,SUMMER,2020,Kenneth,M,Smith,401 Terry Ave N,2063470646,,049,Asian,No,WA,,98109
SEATTLE,Seattle,MASTERS,Margaret050@gmail.com,FULL_TIME,FALL,2016,SUMMER,2019,Margaret,F,Lopez,401 Terry Ave N,2064471382,,050,Hispanic,No,WA,F1,98109
SEATTLE,Seattle,MASTERS,Sandra051@gmail.com,FULL_TIME,SPRING,2017,SUMMER,2020,Sandra,F,Carter,401 Terry Ave N,2061060701,,051,Hispanic,No,WA,,98109
SEATTLE,Seattle,MASTERS,Daniel052@gmail.com,FULL_TIME,FALL,2015,SUMMER,2018,Daniel,M,Lopez,401 Terry Ave N,2062449699,,052,Asian,No,WA,,98109
BOSTON,Boston,MASTERS,Donna053@gmail.com,FULL_TIME,SPRING,2015,SUMMER,2018,Donna,F,Lee,360 Huntington Ave,6178066047,,053,Asian,No,MA,F1,02115
SEATTLE,Seattle,MASTERS,Robert054@gmail.com,FULL_TIME,FALL,2017,SUMMER,2020,Robert,M,Lopez,401 Terry Ave N,2060007321,,054,white,No,WA,,98109
CHARLOTTE,Charlotte,MASTERS,Linda055@gmail.com,FULL_TIME,FALL,2015,SUMMER,2018,Linda,F,Wilson,101 N Tryon St,9807233286,,055,Asian,No,NC,F1,28246
SILICON_VALLEY,San Jose,MASTERS,Steven056@gmail.com,FULL_TIME,FALL,2017,SUMMER,2020,Steven,M,Gray,Front Street,2208897754,,056,African American,No,CA,F1,94080
BOSTON,Boston,MASTERS,Sandra057@gmail.com,FULL_TIME,FALL,2015,SUMMER,2018,Sandra,F,Jones,360 Huntington Ave,6174498512,,057,white,Yes,MA,F1,02115
SEATTLE,Seattle,MASTERS,Joseph058@gmail.com,FULL_TIME,FALL,2015,SUMMER,2018,Joseph,M,Jones,401 Terry Ave N,2061396297,,058,white,Yes,WA,F1,98109
SEATTLE,Seattle,MASTERS,Steven059@gmail.com,FULL_TIME,SPRING,2015,SUMMER,2018,Steven,M,Gray,401 Terry Ave N,2062852557,,059,African American,No,WA,F1,98109
SILICON_VALLEY,San Jose,MASTERS,David060@gmail.com,FULL_TIME,FALL,2015,SUMMER,2018,David,M,Hall,Front Street,2207158158,,060,African American,No,CA,,94080
CHARLOTTE,Charlotte,MASTERS,Kenneth061@gmail.com,GRADUATED,FALL,2014,SUMMER,2017,Kenneth,M,Carter,101 N Tryon St,9801811709,,061,Hispanic,No,NC,F1,28246
SEATTLE,Seattle,MASTERS,Daniel062@gmail.com,FULL_TIME,FALL,2016,SUMMER,2019,Daniel,M,White,401 Terry Ave N,2065148281,,062,white,No,WA,F1,98109
BOSTON,Boston,MASTERS,Joseph063@gmail.com,FULL_TIME,FALL,2016,SUMMER,2019,Joseph,M,Smith,360 Huntington Ave,6171461030,,063,African American,No,MA,F1,02115
BOSTON,Boston,MASTERS,John064@gmail.com,FULL_TIME,FALL,2015,SUMMER,2018,John,M,Jackson,360 Huntington Ave,6176581631,,064,Hispanic,No,MA,,02115
SEATTLE,Seattle,MASTERS,Daniel065@gmail.com,GRADUATED,FALL,2014,SUMMER,2017,Daniel,M,Miller,401 Terry Ave N,2066378840,,065,Hispanic,No,WA,,98109
SEATTLE,Seattle,MASTERS,Joseph066@gmail.com,FULL_TIME,FALL,2017,SUMMER,2020,Joseph,M,Taylor,401 Terry Ave N,2060861860,,066,white,No,WA,,98109
BOSTON,Boston,MASTERS,Nancy067@gmail.com,GRADUATED,FALL,2014,SUMMER,2017,Nancy,F,Wood,360 Huntington Ave,6174407214,,067,white,No,MA,,02115
SEATTLE,Seattle,MASTERS,Richard068@gmail.com,FULL_TIME,FALL,2016,SUMMER,2019,Richard,M,Gray,401 Terry Ave N,2068378691,,068,African American,No,WA,F1,98109
SEATTLE,Seattle,MASTERS,Dorothy069@gmail.com,FULL_TIME,FALL,2016,SUMMER,2019,Dorothy,F,Perry,401 Terry Ave N,2064352148,,069,Asian,No,WA,F1,98109
BOSTON,Boston,MASTERS,Joseph070@gmail.com,FULL_TIME,FALL,2015,SUMMER,2018,Joseph,M,Johnson,360 Huntington Ave,6175568604,,070,Hispanic,No,MA,F1,02115
SEATTLE,Seattle,MASTERS,Ashley071@gmail.com,FULL_TIME,FALL,2017,SUMMER,2020,Ashley,F,Lee,401 Terry Ave N,2064616214,,071,Hispanic,No,WA,,98109
CHARLOTTE,Charlotte,MASTERS,Nancy072@gmail.com,GRADUATED,FALL,2014,SUMMER,2017,Nancy,F,Davis,101 N Tryon St,9800774180,,072,Asian,No,NC,,28246
BOSTON,Boston,MASTERS,Susan073@gmail.com,FULL_TIME,FALL,2015,SUMMER,2018,Susan,F,Wilson,360 Huntington Ave,6172201641,,073,Hispanic,Yes,MA,F1,02115
SEATTLE,Seattle,MASTERS,Barbara074@gmail.com,FULL_TIME,FALL,2017,SUMMER,2020,Barbara,F,Johnson,401 Terry Ave N,2069905928,,074,Hispanic,No,WA,F1,98109
CHARLOTTE,Charlotte,MASTERS,Daniel075@gmail.com,FULL_TIME,FALL,2016,SUMMER,2019,Daniel,M,Perry,101 N Tryon St,9803251591,,075,Asian,No,NC,,28246
CHARLOTTE,Charlotte,MASTERS,Patricia076@gmail.com,GRADUATED,FALL,2014,SUMMER,2017,Patricia,F,Lee,101 N Tryon St,9809745137,,076,white,No,NC,,28246
SILICON_VALLEY,San Jose,MASTERS,Barbara077@gmail.com,FULL_TIME,FALL,2017,SUMMER,2020,Barbara,F,Gray,Front Street,2206634926,,077,Asian,No,CA,,94080
CHARLOTTE,Charlotte,MASTERS,Linda078@gmail.com,FULL_TIME,FALL,2015,SUMMER,2018,Linda,F,Jackson,101 N Tryon St,9804839469,,078,African American,No,NC,,28246
BOSTON,Boston,MASTERS,Steven079@gmail.com,FULL_TIME,FALL,2015,SUMMER,2018,Steven,M,Brown,360 Huntington Ave,6172671724,,079,Hispanic,No,MA,,02115
SILICON_VALLEY,San Jose,MASTERS,Daniel080@gmail.com,GRADUATED,FALL,2014,SUMMER,2017,Daniel,M,Carter,Front Street,2203507865,,080,African American,No,CA,,94080
BOSTON,Boston,MASTERS,Lisa081@gmail.com,FULL_TIME,FALL,2017,SUMMER,2020,Lisa,F,Johnson,360 Huntington Ave,6173397342,,081,African American,No,MA,F1,02115
CHARLOTTE,Charlotte,MASTERS,Sandra082@gmail.com,FULL_TIME,FALL,2016,SUMMER,2019,Sandra,F,Lee,101 N Tryon St,9805849119,,082,white,Yes,NC,F1,28246
BOSTON,Boston,MASTERS,Patricia083@gmail.com,GRADUATED,FALL,2014,SUMMER,2017,Patricia,F,Hall,360 Huntington Ave,6171195154,,083,Hispanic,No,MA,,02115
SEATTLE,Seattle,MASTERS,Mary084@gmail.com,FULL_TIME,FALL,2016,SUMMER,2019,Mary,F,Davis,401 Terry Ave N,2066797875,,084,Hispanic,No,WA,,98109
SILICON_VALLEY,San Jose,MASTERS,Dorothy085@gmail.com,FULL_TIME,FALL,2017,SUMMER,2020,Dorothy,F,Jones,Front Street,2206309860,,085,African American,No,CA,F1,94080
SEATTLE,Seattle,MASTERS,Sarah086@gmail.com,FULL_TIME,FALL,2016,SUMMER,2019,Sarah,F,Jackson,401 Terry Ave N,2069838155,,086,Hispanic,No,WA,,98109
BOSTON,Boston,MASTERS,Steven087@gmail.com,FULL_TIME,FALL,2017,SUMMER,2020,Steven,M,Hall,360 Huntington Ave,6176079990,,087,African American,No,MA,,02115
BOSTON,Boston,MASTERS,Joseph088@gmail.com,GRADUATED,FALL,2014,SUMMER,2017,Joseph,M,Lee,360 Huntington Ave,6175624910,,088,Asian,No,MA,F1,02115
SILICON_VALLEY,San Jose,MASTERS,Kenneth089@gmail.com,FULL_TIME,FALL,2016,SUMMER,2019,Kenneth,M,Carter,Front Street,2202196201,,089,Asian,No,CA,,94080
SEATTLE,Seattle,MASTERS,David090@gmail.com,FULL_TIME,FALL,2015,SUMMER,2018,David,M,Williams,401 Terry Ave N,2063375734,,090,African American,No,WA,,98109
SILICON_VALLEY,San Jose,MASTERS,Sarah091@gmail.com,GRADUATED,FALL,2014,SUMMER,2017,Sarah,F,Wood,Front Street,2208624341,,091,Asian,No,CA,,94080
BOSTON,Boston,MASTERS,Betty092@gmail.com,FULL_TIME,FALL,2016,SUMMER,2019,Betty,F,Wood,360 Huntington Ave,6176123164,,092,Hispanic,No,MA,,02115
SEATTLE,Seattle,MASTERS,William093@gmail.com,FULL_TIME,FALL,2015,SUMMER,2018,William,M,White,401 Terry Ave N,2064199028,,093,white,No,WA,,98109
CHARLOTTE,Charlotte,MASTERS,Joseph094@gmail.com,FULL_TIME,FALL,2016,SUMMER,2019,Joseph,M,Wilson,101 N Tryon St,9801886286,,094,African American,Yes,NC,F1,28246
SEATTLE,Seattle,MASTERS,Barbara095@gmail.com,FULL_TIME,FALL,2016,SUMMER,2019,Barbara,F,Lee,401 Terry Ave N,2068675143,,095,Asian,No,WA,,98109
BOSTON,Boston,MASTERS,Dorothy096@gmail.com,FULL_TIME,FALL,2017,SUMMER,2020,Dorothy,F,Taylor,360 Huntington Ave,6176452786,,096,African American,No,MA,F1,02115
SEATTLE,Seattle,MASTERS,Sarah097@gmail.com,FULL_TIME,FALL,2015,SUMMER,2018,Sarah,F,Lopez,401 Terry Ave N,2061366450,,097,white,No,WA,F1,98109
BOSTON,Boston,MASTERS,Karen098@gmail.com,GRADUATED,SPRING,2014,SUMMER,2017,Karen,F,Hall,360 Huntington Ave,6175591363,,098,African American,No,MA,,02115
BOSTON,Boston,MASTERS,Robert099@gmail.com,FULL_TIME,FALL,2017,SUMMER,2020,Robert,M,Brown,360 Huntington Ave,6178681432,,099,Asian,Yes,MA,F1,02115
SILICON_VALLEY,San Jose,MASTERS,Elizabeth100@gmail.com,FULL_TIME,FALL,2017,SUMMER,2020,Elizabeth,F,Johnson,Front Street,2207077518,,100,African American,No,CA,,94080
SEATTLE,Seattle,MASTERS,Donna101@gmail.com,FULL_TIME,FALL,2015,SUMMER,2018,Donna,F,Wilson,401 Terry Ave N,2064609135,,101,African American,No,WA,,98109
SEATTLE,Seattle,MASTERS,Kenneth102@gmail.com,FULL_TIME,FALL,2016,SUMMER,2019,Kenneth,M,Jackson,401 Terry Ave N,2067660634,,102,Asian,No,WA,,98109
SEATTLE,Seattle,MASTERS,Jennifer103@gmail.com,FULL_TIME,FALL,2016,SUMMER,2019,Jennifer,F,Gray,401 Terry Ave N,2067897830,,103,white,No,WA,,98109
BOSTON,Boston,MASTERS,Dorothy104@gmail.com,GRADUATED,SPRING,2014,SUMMER,2017,Dorothy,F,Ward,360 Huntington Ave,6178216517,,104,African American,No,MA,,02115
BOSTON,Boston,MASTERS,Michael105@gmail.com,FULL_TIME,FALL,2016,SUMMER,2019,Michael,M,Williams,360 Huntington Ave,6179319000,,105,Asian,No,MA,F1,02115
BOSTON,Boston,MASTERS,Karen106@gmail.com,FULL_TIME,FALL,2017,SUMMER,2020,Karen,F,Smith,360 Huntington Ave,6170023136,,106,white,No,MA,,02115
SEATTLE,Seattle,MASTERS,Elizabeth107@gmail.com,FULL_TIME,FALL,2017,SUMMER,2020,Elizabeth,F,Gray,401 Terry Ave N,2061453964,,107,Asian,No,WA,F1,98109
BOSTON,Boston,MASTERS,Kenneth108@gmail.com,FULL_TIME,FALL,2016,SUMMER,2019,Kenneth,M,Johnson,360 Huntington Ave,6173934951,,108,African American,No,MA,,02115
BOSTON,Boston,MASTERS,Sarah109@gmail.com,FULL_TIME,FALL,2016,SUMMER,2019,Sarah,F,Jones,360 Huntington Ave,6178311733,,109,Asian,No,MA,F1,02115
CHARLOTTE,Charlotte,MASTERS,Patricia110@gmail.com,FULL_TIME,SPRING,2016,SUMMER,2019,Patricia,F,Ward,101 N Tryon St,9809538776,,110,African American,No,NC,F1,28246
SILICON_VALLEY,San Jose,MASTERS,Lisa111@gmail.com,FULL_TIME,FALL,2016,SUMMER,2019,Lisa,F,Carter,Front Street,2204024364,,111,white,No,CA,F1,94080
BOSTON,Boston,MASTERS,Lisa112@gmail.com,GRADUATED,FALL,2014,SUMMER,2017,Lisa,F,Williams,360 Huntington Ave,6177612826,,112,African American,No,MA,,02115
SILICON_VALLEY,San Jose,MASTERS,Margaret113@gmail.com,GRADUATED,FALL,2014,SUMMER,2017,Margaret,F,Johnson,Front Street,2201680060,,113,white,No,CA,,94080
BOSTON,Boston,MASTERS,Lisa114@gmail.com,FULL_TIME,FALL,2015,SUMMER,2018,Lisa,F,Miller,360 Huntington Ave,6174988914,,114,African American,No,MA,F1,02115
SEATTLE,Seattle,MASTERS,John115@gmail.com,FULL_TIME,FALL,2017,SUMMER,2020,John,M,Wood,401 Terry Ave N,2068771680,,115,white,Yes,WA,F1,98109
BOSTON,Boston,MASTERS,Andrew116@gmail.com,FULL_TIME,FALL,2017,SUMMER,2020,Andrew,M,Lee,360 Huntington Ave,6174852528,,116,African American,No,MA,,02115
BOSTON,Boston,MASTERS,Betty117@gmail.com,FULL_TIME,FALL,2015,SUMMER,2018,Betty,F,Allen,360 Huntington Ave,6174785796,,117,African American,Yes,MA,F1,02115
SEATTLE,Seattle,MASTERS,Mary118@gmail.com,FULL_TIME,FALL,2017,SUMMER,2020,Mary,F,Taylor,401 Terry Ave N,2060323850,,118,Asian,No,WA,F1,98109
SEATTLE,Seattle,MASTERS,James119@gmail.com,FULL_TIME,FALL,2016,SUMMER,2019,James,M,Jones,401 Terry Ave N,2066766370,,119,Asian,No,WA,,98109
BOSTON,Boston,MASTERS,Betty120@gmail.com,GRADUATED,FALL,2014,SUMMER,2017,Betty,F,Smith,360 Huntington Ave,6178730734,,120,African American,No,MA,F1,02115
BOSTON,Boston,MASTERS,Matthew121@gmail.com,FULL_TIME,FALL,2017,SUMMER,2020,Matthew,M,Gray,360 Huntington Ave,6175127431,,121,white,No,MA,,02115
BOSTON,Boston,MASTERS,Christopher122@gmail.com,FULL_TIME,FALL,2016,SUMMER,2019,Christopher,M,Davis,360 Huntington Ave,6172396935,,122,white,No,MA,F1,02115
BOSTON,Boston,MASTERS,Matthew123@gmail.com,GRADUATED,FALL,2014,SUMMER,2017,Matthew,M,White,360 Huntington Ave,6176235824,,123,Hispanic,No,MA,,02115
SEATTLE,Seattle,MASTERS,Matthew124@gmail.com,FULL_TIME,FALL,2016,SUMMER,2019,Matthew,M,Miller,401 Terry Ave N,2060824943,,124,Asian,No,WA,F1,98109
SILICON_VALLEY,San Jose,MASTERS,Anthony125@gmail.com,FULL_TIME,FALL,2016,SUMMER,2019,Anthony,M,Johnson,Front Street,2200427496,,125,African American,No,CA,,94080
BOSTON,Boston,MASTERS,Margaret126@gmail.com,FULL_TIME,FALL,2016,SUMMER,2019,Margaret,F,Allen,360 Huntington Ave,6171394555,,126,white,No,MA,,02115
SEATTLE,Seattle,MASTERS,Patricia127@gmail.com,FULL_TIME,FALL,2015,SUMMER,2018,Patricia,F,Williams,401 Terry Ave N,2067089467,,127,African American,No,WA,F1,98109
BOSTON,Boston,MASTERS,Susan128@gmail.com,FULL_TIME,FALL,2017,SUMMER,2020,Susan,F,Miller,360 Huntington Ave,6176061123,,128,white,No,MA,,02115
CHARLOTTE,Charlotte,MASTERS,Mary129@gmail.com,FULL_TIME,FALL,2017,SUMMER,2020,Mary,F,Jones,101 N Tryon St,9802384939,,129,African American,No,NC,,28246
SILICON_VALLEY,San Jose,MASTERS,Christopher130@gmail.com,FULL_TIME,FALL,2017,SUMMER,2020,Christopher,M,Ward,Front Street,2202215217,,130,Asian,No,CA,,94080
SEATTLE,Seattle,MASTERS,Kimberly131@gmail.com,FULL_TIME,FALL,2015,SUMMER,2018,Kimberly,F,Ward,401 Terry Ave N,2063285267,,131,Asian,No,WA,F1,98109
BOSTON,Boston,MASTERS,Kimberly132@gmail.com,FULL_TIME,FALL,2015,SUMMER,2018,Kimberly,F,Carter,360 Huntington Ave,6176298910,,132,white,No,MA,,02115
SEATTLE,Seattle,MASTERS,Betty133@gmail.com,FULL_TIME,FALL,2015,SUMMER,2018,Betty,F,White,401 Terry Ave N,2067859168,,133,white,Yes,WA,F1,98109
BOSTON,Boston,MASTERS,Paul134@gmail.com,FULL_TIME,FALL,2016,SUMMER,2019,Paul,M,Wood,360 Huntington Ave,6175805326,,134,Hispanic,No,MA,F1,02115
SEATTLE,Seattle,MASTERS,Donald135@gmail.com,FULL_TIME,SPRING,2017,SUMMER,2020,Donald,M,Wilson,401 Terry Ave N,2064128553,,135,Hispanic,No,WA,F1,98109
SEATTLE,Seattle,MASTERS,Linda136@gmail.com,FULL_TIME,SPRING,2015,SUMMER,2018,Linda,F,Taylor,401 Terry Ave N,2066543251,,136,Asian,Yes,WA,F1,98109
SEATTLE,Seattle,MASTERS,James137@gmail.com,FULL_TIME,FALL,2016,SUMMER,2019,James,M,Allen,401 Terry Ave N,2062103445,,137,Hispanic,No,WA,,98109
SILICON_VALLEY,San Jose,MASTERS,Sandra138@gmail.com,GRADUATED,SPRING,2014,SUMMER,2017,Sandra,F,Davis,Front Street,2204621033,,138,white,No,CA,,94080
SEATTLE,Seattle,MASTERS,Sarah139@gmail.com,FULL_TIME,FALL,2016,SUMMER,2019,Sarah,F,Perry,401 Terry Ave N,2062450945,,139,African American,No,WA,,98109
CHARLOTTE,Charlotte,MASTERS,Barbara140@gmail.com,FULL_TIME,FALL,2017,SUMMER,2020,Barbara,F,Davis,101 N Tryon St,9805939004,,140,Hispanic,No,NC,,28246
SEATTLE,Seattle,MASTERS,Dorothy141@gmail.com,GRADUATED,SPRING,2014,SUMMER,2017,Dorothy,F,Wilson,401 Terry Ave N,2062915378,,141,Hispanic,Yes,WA,F1,98109
SEATTLE,Seattle,MASTERS,Robert142@gmail.com,FULL_TIME,FALL,2016,SUMMER,2019,Robert,M,Johnson,401 Terry Ave N,2067272107,,142,African American,No,WA,F1,98109
BOSTON,Boston,MASTERS,Patricia143@gmail.com,FULL_TIME,SPRING,2017,SUMMER,2020,Patricia,F,Davis,360 Huntington Ave,6171629187,,143,white,No,MA,F1,02115
BOSTON,Boston,MASTERS,Andrew144@gmail.com,FULL_TIME,FALL,2017,SUMMER,2020,Andrew,M,Carter,360 Huntington Ave,6179223996,,144,white,No,MA,,02115
SEATTLE,Seattle,MASTERS,Elizabeth145@gmail.com,FULL_TIME,SPRING,2016,SUMMER,2019,Elizabeth,F,Johnson,401 Terry Ave N,2065409501,,145,white,No,WA,F1,98109
BOSTON,Boston,MASTERS,Barbara146@gmail.com,FULL_TIME,SPRING,2016,SUMMER,2019,Barbara,F,Gray,360 Huntington Ave,6176167923,,146,Asian,No,MA,,02115
SEATTLE,Seattle,MASTERS,Karen147@gmail.com,FULL_TIME,FALL,2017,SUMMER,2020,Karen,F,Miller,401 Terry Ave N,2066059076,,147,Asian,Yes,WA,F1,98109
SEATTLE,Seattle,MASTERS,Sarah148@gmail.com,FULL_TIME,SPRING,2016,SUMMER,2019,Sarah,F,Hall,401 Terry Ave N,2060112391,,148,Hispanic,No,WA,F1,98109
CHARLOTTE,Charlotte,MASTERS,William149@gmail.com,FULL_TIME,SPRING,2016,SUMMER,2019,William,M,Allen,101 N Tryon St,9808731186,,149,white,Yes,NC,F1,28246
SEATTLE,Seattle,MASTERS,Donna150@gmail.com,FULL_TIME,FALL,2017,SUMMER,2020,Donna,F,Jones,401 Terry Ave N,2067184792,,150,African American,No,WA,,98109
CHARLOTTE,Charlotte,MASTERS,Sarah151@gmail.com,FULL_TIME,SPRING,2016,SUMMER,2019,Sarah,F,Carter,101 N Tryon St,9808106533,,151,Asian,No,NC,F1,28246
BOSTON,Boston,MASTERS,Richard152@gmail.com,GRADUATED,FALL,2014,SUMMER,2017,Richard,M,Jones,360 Huntington Ave,6178471955,,152,white,Yes,MA,F1,02115
BOSTON,Boston,MASTERS,Thomas153@gmail.com,FULL_TIME,FALL,2017,SUMMER,2020,Thomas,M,Wilson,360 Huntington Ave,6177453248,,153,Hispanic,No,MA,F1,02115
SEATTLE,Seattle,MASTERS,Mary154@gmail.com,FULL_TIME,FALL,2015,SUMMER,2018,Mary,F,Johnson,401 Terry Ave N,2065135745,,154,white,No,WA,F1,98109
BOSTON,Boston,MASTERS,James155@gmail.com,FULL_TIME,FALL,2016,SUMMER,2019,James,M,Taylor,360 Huntington Ave,6177354575,,155,white,No,MA,F1,02115
SEATTLE,Seattle,MASTERS,Mark156@gmail.com,FULL_TIME,FALL,2015,SUMMER,2018,Mark,M,Smith,401 Terry Ave N,2060908180,,156,Hispanic,No,WA,,98109
SEATTLE,Seattle,MASTERS,Lisa157@gmail.com,FULL_TIME,FALL,2016,SUMMER,2019,Lisa,F,Lopez,401 Terry Ave N,2068022050,,157,Asian,No,WA,,98109
SEATTLE,Seattle,MASTERS,John158@gmail.com,FULL_TIME,FALL,2017,SUMMER,2020,John,M,Johnson,401 Terry Ave N,2069650655,,158,Hispanic,No,WA,,98109
SEATTLE,Seattle,MASTERS,Daniel159@gmail.com,GRADUATED,FALL,2014,SUMMER,2017,Daniel,M,Wood,401 Terry Ave N,2061878421,,159,Hispanic,No,WA,F1,98109
SEATTLE,Seattle,MASTERS,Susan160@gmail.com,FULL_TIME,FALL,2016,SUMMER,2019,Susan,F,Lee,401 Terry Ave N,2069331241,,160,white,No,WA,F1,98109
SEATTLE,Seattle,MASTERS,Christopher161@gmail.com,FULL_TIME,SPRING,2015,SUMMER,2018,Christopher,M,Taylor,401 Terry Ave N,2063124577,,161,Asian,No,WA,,98109
BOSTON,Boston,MASTERS,Kenneth162@gmail.com,FULL_TIME,FALL,2017,SUMMER,2020,Kenneth,M,Smith,360 Huntington Ave,6176386167,,162,Asian,No,MA,,02115
SEATTLE,Seattle,MASTERS,Margaret163@gmail.com,FULL_TIME,SPRING,2017,SUMMER,2020,Margaret,F,Williams,401 Terry Ave N,2061519456,,163,white,No,WA,,98109
SEATTLE,Seattle,MASTERS,Carol164@gmail.com,FULL_TIME,FALL,2017,SUMMER,2020,Carol,F,Jones,401 Terry Ave N,2067396040,,164,Asian,No,WA,,98109
SEATTLE,Seattle,MASTERS,Betty165@gmail.com,FULL_TIME,SPRING,2016,SUMMER,2019,Betty,F,Hall,401 Terry Ave N,2062799395,,165,Hispanic,No,WA,,98109
BOSTON,Boston,MASTERS,William166@gmail.com,GRADUATED,SPRING,2014,SUMMER,2017,William,M,White,360 Huntington Ave,6178095617,,166,African American,No,MA,,02115
SILICON_VALLEY,San Jose,MASTERS,Jessica167@gmail.com,FULL_TIME,FALL,2016,SUMMER,2019,Jessica,F,Williams,Front Street,2206533328,,167,white,Yes,CA,F1,94080
SEATTLE,Seattle,MASTERS,Kenneth168@gmail.com,FULL_TIME,FALL,2017,SUMMER,2020,Kenneth,M,Allen,401 Terry Ave N,2065975637,,168,African American,Yes,WA,F1,98109
BOSTON,Boston,MASTERS,Christopher169@gmail.com,FULL_TIME,FALL,2017,SUMMER,2020,Christopher,M,Gray,360 Huntington Ave,6179767257,,169,white,No,MA,,02115
BOSTON,Boston,MASTERS,Daniel170@gmail.com,FULL_TIME,FALL,2017,SUMMER,2020,Daniel,M,Lee,360 Huntington Ave,6172979646,,170,Asian,No,MA,,02115
CHARLOTTE,Charlotte,MASTERS,Linda171@gmail.com,GRADUATED,FALL,2014,SUMMER,2017,Linda,F,Jones,101 N Tryon St,9802679392,,171,white,No,NC,,28246
BOSTON,Boston,MASTERS,Kimberly172@gmail.com,FULL_TIME,FALL,2015,SUMMER,2018,Kimberly,F,Jackson,360 Huntington Ave,6176068361,,172,Asian,No,MA,F1,02115
SEATTLE,Seattle,MASTERS,James173@gmail.com,FULL_TIME,FALL,2016,SUMMER,2019,James,M,Perry,401 Terry Ave N,2067744810,,173,Asian,No,WA,,98109
BOSTON,Boston,MASTERS,Betty174@gmail.com,FULL_TIME,SPRING,2015,SUMMER,2018,Betty,F,Wood,360 Huntington Ave,6170553875,,174,white,Yes,MA,F1,02115
SEATTLE,Seattle,MASTERS,Susan175@gmail.com,FULL_TIME,FALL,2017,SUMMER,2020,Susan,F,Jones,401 Terry Ave N,2065354052,,175,African American,No,WA,,98109
SILICON_VALLEY,San Jose,MASTERS,Sandra176@gmail.com,FULL_TIME,FALL,2016,SUMMER,2019,Sandra,F,Miller,Front Street,2203574609,,176,white,No,CA,,94080
SEATTLE,Seattle,MASTERS,Ashley177@gmail.com,FULL_TIME,FALL,2015,SUMMER,2018,Ashley,F,Johnson,401 Terry Ave N,2060816262,,177,white,No,WA,,98109
SEATTLE,Seattle,MASTERS,John178@gmail.com,FULL_TIME,FALL,2016,SUMMER,2019,John,M,Lopez,401 Terry Ave N,2066250481,,178,African American,No,WA,F1,98109
SILICON_VALLEY,San Jose,MASTERS,Sandra179@gmail.com,FULL_TIME,FALL,2016,SUMMER,2019,Sandra,F,Ward,Front Street,2208041659,,179,Asian,No,CA,F1,94080
SEATTLE,Seattle,MASTERS,Steven180@gmail.com,FULL_TIME,FALL,2017,SUMMER,2020,Steven,M,Smith,401 Terry Ave N,2061794982,,180,Hispanic,Yes,WA,F1,98109
SEATTLE,Seattle,MASTERS,Richard181@gmail.com,FULL_TIME,FALL,2016,SUMMER,2019,Richard,M,Wilson,401 Terry Ave N,2066450477,,181,Asian,No,WA,,98109
SEATTLE,Seattle,MASTERS,Christopher182@gmail.com,FULL_TIME,FALL,2015,SUMMER,2018,Christopher,M,Lopez,401 Terry Ave N,2061015865,,182,Hispanic,No,WA,F1,98109
BOSTON,Boston,MASTERS,Donna183@gmail.com,FULL_TIME,FALL,2017,SUMMER,2020,Donna,F,Wilson,360 Huntington Ave,6176655095,,183,Asian,No,MA,F1,02115
BOSTON,Boston,MASTERS,Nancy184@gmail.com,FULL_TIME,FALL,2016,SUMMER,2019,Nancy,F,Williams,360 Huntington Ave,6177296229,,184,white,Yes,MA,F1,02115
SEATTLE,Seattle,MASTERS,Richard185@gmail.com,FULL_TIME,SPRING,2016,SUMMER,2019,Richard,M,Lee,401 Terry Ave N,2061049059,,185,African American,No,WA,F1,98109
SEATTLE,Seattle,MASTERS,Jennifer186@gmail.com,FULL_TIME,FALL,2017,SUMMER,2020,Jennifer,F,Jones,401 Terry Ave N,2065440921,,186,Hispanic,No,WA,,98109
SILICON_VALLEY,San Jose,MASTERS,John187@gmail.com,FULL_TIME,FALL,2016,SUMMER,2019,John,M,Jones,Front Street,2201223930,,187,white,No,CA,F1,94080
SEATTLE,Seattle,MASTERS,Richard188@gmail.com,FULL_TIME,FALL,2017,SUMMER,2020,Richard,M,White,401 Terry Ave N,2062454446,,188,Hispanic,No,WA,F1,98109
SEATTLE,Seattle,MASTERS,Donald189@gmail.com,FULL_TIME,FALL,2016,SUMMER,2019,Donald,M,Allen,401 Terry Ave N,2060436086,,189,African American,No,WA,F1,98109
BOSTON,Boston,MASTERS,Elizabeth190@gmail.com,FULL_TIME,SPRING,2015,SUMMER,2018,Elizabeth,F,Brown,360 Huntington Ave,6172078481,,190,white,No,MA,F1,02115
BOSTON,Boston,MASTERS,Linda191@gmail.com,FULL_TIME,SPRING,2017,SUMMER,2020,Linda,F,White,360 Huntington Ave,6172136772,,191,African American,No,MA,,02115
BOSTON,Boston,MASTERS,Daniel192@gmail.com,FULL_TIME,SPRING,2017,SUMMER,2020,Daniel,M,Jones,360 Huntington Ave,6171264450,,192,African American,No,MA,,02115
BOSTON,Boston,MASTERS,David193@gmail.com,FULL_TIME,FALL,2017,SUMMER,2020,David,M,Johnson,360 Huntington Ave,6173996321,,193,white,Yes,MA,F1,02115
BOSTON,Boston,MASTERS,Elizabeth194@gmail.com,FULL_TIME,FALL,2016,SUMMER,2019,Elizabeth,F,Gray,360 Huntington Ave,6175912080,,194,African American,Yes,MA,F1,02115
SEATTLE,Seattle,MASTERS,Dorothy195@gmail.com,FULL_TIME,FALL,2017,SUMMER,2020,Dorothy,F,Jones,401 Terry Ave N,2067519752,,195,Asian,No,WA,,98109
SEATTLE,Seattle,MASTERS,Mary196@gmail.com,FULL_TIME,FALL,2016,SUMMER,2019,Mary,F,Taylor,401 Terry Ave N,2064624503,,196,white,No,WA,F1,98109
SEATTLE,Seattle,MASTERS,Kimberly197@gmail.com,FULL_TIME,SPRING,2015,SUMMER,2018,Kimberly,F,Wilson,401 Terry Ave N,2065219774,,197,African American,No,WA,F1,98109
BOSTON,Boston,MASTERS,Patricia198@gmail.com,GRADUATED,FALL,2014,SUMMER,2017,Patricia,F,Johnson,360 Huntington Ave,6176059368,,198,white,No,MA,F1,02115
BOSTON,Boston,MASTERS,David199@gmail.com,FULL_TIME,SPRING,2015,SUMMER,2018,David,M,Hall,360 Huntington Ave,6179788548,,199,Hispanic,No,MA,,02115
BOSTON,Boston,MASTERS,Dorothy200@gmail.com,FULL_TIME,SPRING,2016,SUMMER,2019,Dorothy,F,Davis,360 Huntington Ave,6173638891,,200,African American,No,MA,F1,02115
BOSTON,Boston,MASTERS,Barbara201@gmail.com,FULL_TIME,FALL,2017,SUMMER,2020,Barbara,F,Williams,360 Huntington Ave,6174800310,,201,white,No,MA,,02115
BOSTON,Boston,MASTERS,Linda202@gmail.com,FULL_TIME,SPRING,2017,SUMMER,2020,Linda,F,White,360 Huntington Ave,6171354831,,202,Hispanic,No,MA,F1,02115
SEATTLE,Seattle,MASTERS,Linda203@gmail.com,FULL_TIME,FALL,2016,SUMMER,2019,Linda,F,Wood,401 Terry Ave N,2065783674,,203,Asian,No,WA,,98109
SEATTLE,Seattle,MASTERS,James204@gmail.com,GRADUATED,FALL,2014,SUMMER,2017,James,M,Lee,401 Terry Ave N,2063258791,,204,African American,Yes,WA,F1,98109
BOSTON,Boston,MASTERS,Mark205@gmail.com,FULL_TIME,FALL,2017,SUMMER,2020,Mark,M,Lee,360 Huntington Ave,6178170379,,205,African American,No,MA,,02115
SILICON_VALLEY,San Jose,MASTERS,Margaret206@gmail.com,FULL_TIME,FALL,2015,SUMMER,2018,Margaret,F,Allen,Front Street,2206641050,,206,Hispanic,No,CA,F1,94080
SILICON_VALLEY,San Jose,MASTERS,Karen207@gmail.com,FULL_TIME,FALL,2017,SUMMER,2020,Karen,F,Smith,Front Street,2205556064,,207,Hispanic,No,CA,,94080
SEATTLE,Seattle,MASTERS,Andrew208@gmail.com,GRADUATED,FALL,2014,SUMMER,2017,Andrew,M,Jones,401 Terry Ave N,2063702981,,208,Asian,Yes,WA,F1,98109
SILICON_VALLEY,San Jose,MASTERS,Carol209@gmail.com,FULL_TIME,SPRING,2016,SUMMER,2019,Carol,F,Gray,Front Street,2204362086,,209,Asian,No,CA,,94080
SEATTLE,Seattle,MASTERS,Susan210@gmail.com,GRADUATED,FALL,2014,SUMMER,2017,Susan,F,Gray,401 Terry Ave N,2067740935,,210,African American,No,WA,,98109
BOSTON,Boston,MASTERS,Sandra211@gmail.com,FULL_TIME,FALL,2017,SUMMER,2020,Sandra,F,Smith,360 Huntington Ave,6178044737,,211,Asian,No,MA,F1,02115
SILICON_VALLEY,San Jose,MASTERS,Dorothy212@gmail.com,FULL_TIME,FALL,2015,SUMMER,2018,Dorothy,F,White,Front Street,2205456806,,212,African American,Yes,CA,F1,94080
BOSTON,Boston,MASTERS,Ashley213@gmail.com,FULL_TIME,FALL,2017,SUMMER,2020,Ashley,F,Wood,360 Huntington Ave,6173151747,,213,African American,Yes,MA,F1,02115
SEATTLE,Seattle,MASTERS,Michael214@gmail.com,FULL_TIME,FALL,2017,SUMMER,2020,Michael,M,Jones,401 Terry Ave N,2067286481,,214,Asian,No,WA,,98109
SEATTLE,Seattle,MASTERS,Elizabeth215@gmail.com,FULL_TIME,FALL,2017,SUMMER,2020,Elizabeth,F,Lee,401 Terry Ave N,2068454615,,215,African American,No,WA,F1,98109
BOSTON,Boston,MASTERS,Joseph216@gmail.com,FULL_TIME,FALL,2016,SUMMER,2019,Joseph,M,Taylor,360 Huntington Ave,6170400786,,216,African American,Yes,MA,F1,02115
SILICON_VALLEY,San Jose,MASTERS,Nancy217@gmail.com,FULL_TIME,FALL,2017,SUMMER,2020,Nancy,F,Wilson,Front Street,2206200747,,217,Hispanic,No,CA,,94080
SEATTLE,Seattle,MASTERS,Mark218@gmail.com,FULL_TIME,FALL,2017,SUMMER,2020,Mark,M,Smith,401 Terry Ave N,2060974151,,218,Asian,Yes,WA,F1,98109
BOSTON,Boston,MASTERS,Elizabeth219@gmail.com,FULL_TIME,FALL,2016,SUMMER,2019,Elizabeth,F,Brown,360 Huntington Ave,6179791872,,219,African American,No,MA,F1,02115
SEATTLE,Seattle,MASTERS,Kenneth220@gmail.com,FULL_TIME,FALL,2017,SUMMER,2020,Kenneth,M,Hall,401 Terry Ave N,2064686811,,220,Asian,No,WA,,98109
BOSTON,Boston,MASTERS,Lisa221@gmail.com,FULL_TIME,SPRING,2016,SUMMER,2019,Lisa,F,Allen,360 Huntington Ave,6173712113,,221,African American,Yes,MA,F1,02115
SEATTLE,Seattle,MASTERS,Karen222@gmail.com,FULL_TIME,FALL,2017,SUMMER,2020,Karen,F,Carter,401 Terry Ave N,2069071124,,222,African American,No,WA,,98109
BOSTON,Boston,MASTERS,Kenneth223@gmail.com,FULL_TIME,SPRING,2015,SUMMER,2018,Kenneth,M,Taylor,360 Huntington Ave,6174180545,,223,white,No,MA,,02115
BOSTON,Boston,MASTERS,Joseph224@gmail.com,FULL_TIME,FALL,2017,SUMMER,2020,Joseph,M,Davis,360 Huntington Ave,6177734736,,224,Asian,No,MA,,02115
SEATTLE,Seattle,MASTERS,Barbara225@gmail.com,FULL_TIME,FALL,2017,SUMMER,2020,Barbara,F,Lopez,401 Terry Ave N,2063562518,,225,white,No,WA,F1,98109
SILICON_VALLEY,San Jose,MASTERS,Ashley226@gmail.com,FULL_TIME,FALL,2015,SUMMER,2018,Ashley,F,Jackson,Front Street,2204235453,,226,African American,Yes,CA,F1,94080
SEATTLE,Seattle,MASTERS,Mark227@gmail.com,FULL_TIME,FALL,2015,SUMMER,2018,Mark,M,Lee,401 Terry Ave N,2066508448,,227,white,Yes,WA,F1,98109
BOSTON,Boston,MASTERS,Donna228@gmail.com,FULL_TIME,SPRING,2017,SUMMER,2020,Donna,F,Wilson,360 Huntington Ave,6171875635,,228,Hispanic,No,MA,F1,02115
BOSTON,Boston,MASTERS,Lisa229@gmail.com,FULL_TIME,SPRING,2015,SUMMER,2018,Lisa,F,White,360 Huntington Ave,6178402102,,229,white,No,MA,,02115
SEATTLE,Seattle,MASTERS,Sarah230@gmail.com,FULL_TIME,SPRING,2017,SUMMER,2020,Sarah,F,Gray,401 Terry Ave N,2068763251,,230,African American,No,WA,,98109
BOSTON,Boston,MASTERS,Dorothy231@gmail.com,FULL_TIME,SPRING,2016,SUMMER,2019,Dorothy,F,Wilson,360 Huntington Ave,6177634507,,231,white,No,MA,,02115
BOSTON,Boston,MASTERS,Charles232@gmail.com,FULL_TIME,FALL,2017,SUMMER,2020,Charles,M,Taylor,360 Huntington Ave,6171524818,,232,African American,No,MA,,02115
BOSTON,Boston,MASTERS,Michael233@gmail.com,FULL_TIME,FALL,2017,SUMMER,2020,Michael,M,White,360 Huntington Ave,6175093831,,233,white,No,MA,,02115
BOSTON,Boston,MASTERS,Lisa234@gmail.com,FULL_TIME,SPRING,2016,SUMMER,2019,Lisa,F,Perry,360 Huntington Ave,6178745597,,234,African American,No,MA,F1,02115
SEATTLE,Seattle,MASTERS,James235@gmail.com,FULL_TIME,FALL,2017,SUMMER,2020,James,M,Lopez,401 Terry Ave N,2068917705,,235,Hispanic,No,WA,,98109
BOSTON,Boston,MASTERS,Linda236@gmail.com,FULL_TIME,SPRING,2017,SUMMER,2020,Linda,F,Williams,360 Huntington Ave,6174395853,,236,Asian,No,MA,F1,02115
SEATTLE,Seattle,MASTERS,Carol237@gmail.com,FULL_TIME,SPRING,2017,SUMMER,2020,Carol,F,Johnson,401 Terry Ave N,2063538070,,237,African American,No,WA,,98109
BOSTON,Boston,MASTERS,Linda238@gmail.com,FULL_TIME,FALL,2016,SUMMER,2019,Linda,F,Johnson,360 Huntington Ave,6179806776,,238,Asian,No,MA,,02115
BOSTON,Boston,MASTERS,Lisa239@gmail.com,FULL_TIME,FALL,2015,SUMMER,2018,Lisa,F,Brown,360 Huntington Ave,6172246223,,239,white,No,MA,F1,02115
SEATTLE,Seattle,MASTERS,Sarah240@gmail.com,FULL_TIME,FALL,2017,SUMMER,2020,Sarah,F,Wood,401 Terry Ave N,2062289249,,240,Hispanic,No,WA,F1,98109
SEATTLE,Seattle,MASTERS,Sarah241@gmail.com,FULL_TIME,FALL,2016,SUMMER,2019,Sarah,F,Allen,401 Terry Ave N,2064278139,,241,white,No,WA,F1,98109
BOSTON,Boston,MASTERS,David242@gmail.com,FULL_TIME,FALL,2016,SUMMER,2019,David,M,Williams,360 Huntington Ave,6179383367,,242,white,No,MA,,02115
CHARLOTTE,Charlotte,MASTERS,Daniel243@gmail.com,FULL_TIME,SPRING,2017,SUMMER,2020,Daniel,M,Williams,101 N Tryon St,9800462014,,243,Asian,No,NC,,28246
SEATTLE,Seattle,MASTERS,Donna244@gmail.com,FULL_TIME,FALL,2016,SUMMER,2019,Donna,F,Brown,401 Terry Ave N,2069445211,,244,white,No,WA,,98109
BOSTON,Boston,MASTERS,Joseph245@gmail.com,FULL_TIME,FALL,2017,SUMMER,2020,Joseph,M,Wood,360 Huntington Ave,6176298137,,245,African American,No,MA,,02115
BOSTON,Boston,MASTERS,Jessica246@gmail.com,FULL_TIME,FALL,2016,SUMMER,2019,Jessica,F,Wilson,360 Huntington Ave,6177803391,,246,Asian,No,MA,,02115
BOSTON,Boston,MASTERS,Daniel247@gmail.com,FULL_TIME,SPRING,2016,SUMMER,2019,Daniel,M,White,360 Huntington Ave,6172265019,,247,white,No,MA,F1,02115
BOSTON,Boston,MASTERS,Patricia248@gmail.com,FULL_TIME,SPRING,2017,SUMMER,2020,Patricia,F,Jackson,360 Huntington Ave,6172169942,,248,African American,No,MA,,02115
CHARLOTTE,Charlotte,MASTERS,Robert249@gmail.com,FULL_TIME,FALL,2017,SUMMER,2020,Robert,M,Jackson,101 N Tryon St,9805495468,,249,Hispanic,No,NC,F1,28246
BOSTON,Boston,MASTERS,William250@gmail.com,FULL_TIME,FALL,2015,SUMMER,2018,William,M,White,360 Huntington Ave,6174658216,,250,Hispanic,No,MA,F1,02115
SEATTLE,Seattle,MASTERS,Nancy251@gmail.com,FULL_TIME,SPRING,2016,SUMMER,2019,Nancy,F,Brown,401 Terry Ave N,2066620759,,251,white,No,WA,,98109
BOSTON,Boston,MASTERS,Andrew252@gmail.com,FULL_TIME,FALL,2017,SUMMER,2020,Andrew,M,Wilson,360 Huntington Ave,6177652989,,252,African American,No,MA,,02115
BOSTON,Boston,MASTERS,Jessica253@gmail.com,FULL_TIME,FALL,2017,SUMMER,2020,Jessica,F,Davis,360 Huntington Ave,6172314310,,253,Hispanic,No,MA,F1,02115
BOSTON,Boston,MASTERS,Michael254@gmail.com,FULL_TIME,FALL,2017,SUMMER,2020,Michael,M,Carter,360 Huntington Ave,6179457012,,254,white,No,MA,F1,02115
BOSTON,Boston,MASTERS,Lisa255@gmail.com,FULL_TIME,FALL,2017,SUMMER,2020,Lisa,F,Carter,360 Huntington Ave,6175965166,,255,African American,No,MA,F1,02115
SEATTLE,Seattle,MASTERS,Donald256@gmail.com,FULL_TIME,FALL,2017,SUMMER,2020,Donald,M,Miller,401 Terry Ave N,2068082856,,256,Asian,No,WA,,98109
BOSTON,Boston,MASTERS,Donald257@gmail.com,FULL_TIME,FALL,2016,SUMMER,2019,Donald,M,Jackson,360 Huntington Ave,6172526097,,257,white,No,MA,F1,02115
SEATTLE,Seattle,MASTERS,Christopher258@gmail.com,FULL_TIME,FALL,2016,SUMMER,2019,Christopher,M,Brown,401 Terry Ave N,2066827758,,258,African American,No,WA,,98109
BOSTON,Boston,MASTERS,Karen259@gmail.com,FULL_TIME,FALL,2017,SUMMER,2020,Karen,F,Smith,360 Huntington Ave,6171517535,,259,Hispanic,No,MA,,02115
BOSTON,Boston,MASTERS,Daniel260@gmail.com,GRADUATED,FALL,2014,SUMMER,2017,Daniel,M,White,360 Huntington Ave,6171303428,,260,white,No,MA,F1,02115
SEATTLE,Seattle,MASTERS,William261@gmail.com,FULL_TIME,FALL,2016,SUMMER,2019,William,M,Smith,401 Terry Ave N,2069329550,,261,Asian,No,WA,,98109
BOSTON,Boston,MASTERS,Mary262@gmail.com,FULL_TIME,FALL,2017,SUMMER,2020,Mary,F,Smith,360 Huntington Ave,6177230829,,262,African American,No,MA,F1,02115
BOSTON,Boston,MASTERS,David263@gmail.com,GRADUATED,FALL,2014,SUMMER,2017,David,M,Jackson,360 Huntington Ave,6174940905,,263,African American,No,MA,F1,02115
BOSTON,Boston,MASTERS,Matthew264@gmail.com,FULL_TIME,FALL,2016,SUMMER,2019,Matthew,M,Allen,360 Huntington Ave,6173135183,,264,Hispanic,No,MA,,02115
SILICON_VALLEY,San Jose,MASTERS,Anthony265@gmail.com,FULL_TIME,SPRING,2015,SUMMER,2018,Anthony,M,Smith,Front Street,2208717473,,265,African American,No,CA,,94080
SEATTLE,Seattle,MASTERS,Christopher266@gmail.com,FULL_TIME,FALL,2017,SUMMER,2020,Christopher,M,Williams,401 Terry Ave N,2068444314,,266,Asian,No,WA,F1,98109
SEATTLE,Seattle,MASTERS,Christopher267@gmail.com,FULL_TIME,FALL,2015,SUMMER,2018,Christopher,M,Ward,401 Terry Ave N,2061718798,,267,white,No,WA,F1,98109
BOSTON,Boston,MASTERS,Karen268@gmail.com,GRADUATED,FALL,2014,SUMMER,2017,Karen,F,Ward,360 Huntington Ave,6171328840,,268,Asian,No,MA,,02115
BOSTON,Boston,MASTERS,Ashley269@gmail.com,FULL_TIME,FALL,2017,SUMMER,2020,Ashley,F,Lee,360 Huntington Ave,6170257683,,269,Asian,No,MA,F1,02115
BOSTON,Boston,MASTERS,Michael270@gmail.com,FULL_TIME,FALL,2016,SUMMER,2019,Michael,M,Lopez,360 Huntington Ave,6175186483,,270,Hispanic,No,MA,F1,02115
SEATTLE,Seattle,MASTERS,Anthony271@gmail.com,FULL_TIME,FALL,2017,SUMMER,2020,Anthony,M,Johnson,401 Terry Ave N,2068769913,,271,white,No,WA,,98109
SEATTLE,Seattle,MASTERS,Paul272@gmail.com,FULL_TIME,FALL,2015,SUMMER,2018,Paul,M,Perry,401 Terry Ave N,2062213632,,272,white,Yes,WA,F1,98109
SEATTLE,Seattle,MASTERS,Jessica273@gmail.com,FULL_TIME,FALL,2017,SUMMER,2020,Jessica,F,Carter,401 Terry Ave N,2061814218,,273,Hispanic,No,WA,F1,98109
SEATTLE,Seattle,MASTERS,Donald274@gmail.com,FULL_TIME,FALL,2015,SUMMER,2018,Donald,M,Ward,401 Terry Ave N,2066185298,,274,African American,Yes,WA,F1,98109
SEATTLE,Seattle,MASTERS,Mark275@gmail.com,FULL_TIME,FALL,2017,SUMMER,2020,Mark,M,Wilson,401 Terry Ave N,2063537943,,275,African American,No,WA,F1,98109
BOSTON,Boston,MASTERS,Donna276@gmail.com,GRADUATED,SPRING,2014,SUMMER,2017,Donna,F,Williams,360 Huntington Ave,6179460779,,276,African American,No,MA,F1,02115
BOSTON,Boston,MASTERS,Kimberly277@gmail.com,FULL_TIME,FALL,2017,SUMMER,2020,Kimberly,F,Williams,360 Huntington Ave,6172287661,,277,Asian,No,MA,,02115
SEATTLE,Seattle,MASTERS,Kenneth278@gmail.com,FULL_TIME,SPRING,2017,SUMMER,2020,Kenneth,M,Perry,401 Terry Ave N,2065460356,,278,Hispanic,No,WA,,98109
SEATTLE,Seattle,MASTERS,Lisa279@gmail.com,FULL_TIME,SPRING,2016,SUMMER,2019,Lisa,F,Hall,401 Terry Ave N,2064017635,,279,Asian,No,WA,F1,98109
BOSTON,Boston,MASTERS,Paul280@gmail.com,FULL_TIME,FALL,2016,SUMMER,2019,Paul,M,Smith,360 Huntington Ave,6170010843,,280,Asian,No,MA,F1,02115
SEATTLE,Seattle,MASTERS,Anthony281@gmail.com,FULL_TIME,FALL,2015,SUMMER,2018,Anthony,M,Allen,401 Terry Ave N,2069761478,,281,Hispanic,No,WA,F1,98109
SEATTLE,Seattle,MASTERS,Andrew282@gmail.com,FULL_TIME,FALL,2015,SUMMER,2018,Andrew,M,Perry,401 Terry Ave N,2067864884,,282,African American,Yes,WA,F1,98109
BOSTON,Boston,MASTERS,Jennifer283@gmail.com,FULL_TIME,FALL,2017,SUMMER,2020,Jennifer,F,Taylor,360 Huntington Ave,6174674209,,283,Asian,No,MA,F1,02115
BOSTON,Boston,MASTERS,Kenneth284@gmail.com,GRADUATED,FALL,2014,SUMMER,2017,Kenneth,M,White,360 Huntington Ave,6178426315,,284,Asian,No,MA,F1,02115
SEATTLE,Seattle,MASTERS,William285@gmail.com,FULL_TIME,FALL,2016,SUMMER,2019,William,M,Lee,401 Terry Ave N,2067009373,,285,white,No,WA,F1,98109
SILICON_VALLEY,San Jose,MASTERS,Donna286@gmail.com,GRADUATED,FALL,2014,SUMMER,2017,Donna,F,Lopez,Front Street,2201464426,,286,Hispanic,No,CA,F1,94080
BOSTON,Boston,MASTERS,Joseph287@gmail.com,FULL_TIME,FALL,2017,SUMMER,2020,Joseph,M,Johnson,360 Huntington Ave,6179098495,,287,Asian,No,MA,,02115
SEATTLE,Seattle,MASTERS,Robert288@gmail.com,FULL_TIME,FALL,2017,SUMMER,2020,Robert,M,Lee,401 Terry Ave N,2069308424,,288,African American,No,WA,F1,98109
BOSTON,Boston,MASTERS,Susan289@gmail.com,FULL_TIME,FALL,2015,SUMMER,2018,Susan,F,Williams,360 Huntington Ave,6176555761,,289,Asian,No,MA,F1,02115
BOSTON,Boston,MASTERS,Richard290@gmail.com,FULL_TIME,FALL,2016,SUMMER,2019,Richard,M,Brown,360 Huntington Ave,6173889291,,290,Hispanic,No,MA,,02115
SILICON_VALLEY,San Jose,MASTERS,Charles291@gmail.com,FULL_TIME,FALL,2017,SUMMER,2020,Charles,M,Gray,Front Street,2206123473,,291,Hispanic,No,CA,F1,94080
SILICON_VALLEY,San Jose,MASTERS,Richard292@gmail.com,FULL_TIME,SPRING,2017,SUMMER,2020,Richard,M,Allen,Front Street,2202765317,,292,Asian,No,CA,F1,94080
SEATTLE,Seattle,MASTERS,John293@gmail.com,FULL_TIME,FALL,2016,SUMMER,2019,John,M,Carter,401 Terry Ave N,2065232287,,293,Asian,Yes,WA,F1,98109
BOSTON,Boston,MASTERS,Karen294@gmail.com,FULL_TIME,FALL,2016,SUMMER,2019,Karen,F,Taylor,360 Huntington Ave,6178831130,,294,Hispanic,No,MA,,02115
SEATTLE,Seattle,MASTERS,Charles295@gmail.com,FULL_TIME,FALL,2016,SUMMER,2019,Charles,M,Wilson,401 Terry Ave N,2061805514,,295,white,No,WA,F1,98109
SEATTLE,Seattle,MASTERS,Andrew296@gmail.com,FULL_TIME,FALL,2017,SUMMER,2020,Andrew,M,Lopez,401 Terry Ave N,2065718877,,296,Asian,No,WA,F1,98109
SEATTLE,Seattle,MASTERS,Lisa297@gmail.com,FULL_TIME,FALL,2015,SUMMER,2018,Lisa,F,Lee,401 Terry Ave N,2061638972,,297,white,No,WA,F1,98109
BOSTON,Boston,MASTERS,Dorothy298@gmail.com,FULL_TIME,FALL,2017,SUMMER,2020,Dorothy,F,Jones,360 Huntington Ave,6179587311,,298,white,No,MA,,02115
BOSTON,Boston,MASTERS,Karen299@gmail.com,FULL_TIME,FALL,2015,SUMMER,2018,Karen,F,Williams,360 Huntington Ave,6173097061,,299,African American,No,MA,,02115
SEATTLE,Seattle,MASTERS,Andrew300@gmail.com,FULL_TIME,FALL,2017,SUMMER,2020,Andrew,M,Lee,401 Terry Ave N,2068004734,,300,African American,No,WA,,98109
SEATTLE,Seattle,MASTERS,Steven301@gmail.com,FULL_TIME,FALL,2017,SUMMER,2020,Steven,M,Jones,401 Terry Ave N,2061863605,,301,Hispanic,No,WA,,98109
BOSTON,Boston,MASTERS,Steven302@gmail.com,FULL_TIME,FALL,2016,SUMMER,2019,Steven,M,White,360 Huntington Ave,6177152974,,302,white,Yes,MA,F1,02115
SILICON_VALLEY,San Jose,MASTERS,Nancy303@gmail.com,FULL_TIME,FALL,2016,SUMMER,2019,Nancy,F,Ward,Front Street,2209321746,,303,Asian,No,CA,,94080
SEATTLE,Seattle,MASTERS,Jessica304@gmail.com,FULL_TIME,FALL,2017,SUMMER,2020,Jessica,F,Johnson,401 Terry Ave N,2068562638,,304,African American,Yes,WA,F1,98109
CHARLOTTE,Charlotte,MASTERS,Steven305@gmail.com,FULL_TIME,FALL,2015,SUMMER,2018,Steven,M,Jones,101 N Tryon St,9806024976,,305,Asian,No,NC,F1,28246
BOSTON,Boston,MASTERS,Sarah306@gmail.com,FULL_TIME,FALL,2017,SUMMER,2020,Sarah,F,Hall,360 Huntington Ave,6170619028,,306,African American,Yes,MA,F1,02115
BOSTON,Boston,MASTERS,Donna307@gmail.com,FULL_TIME,FALL,2017,SUMMER,2020,Donna,F,Wood,360 Huntington Ave,6175019306,,307,white,No,MA,F1,02115
CHARLOTTE,Charlotte,MASTERS,Karen308@gmail.com,FULL_TIME,FALL,2016,SUMMER,2019,Karen,F,White,101 N Tryon St,9806747769,,308,Asian,No,NC,F1,28246
BOSTON,Boston,MASTERS,Robert309@gmail.com,GRADUATED,FALL,2014,SUMMER,2017,Robert,M,Hall,360 Huntington Ave,6179666927,,309,African American,No,MA,,02115
CHARLOTTE,Charlotte,MASTERS,Steven310@gmail.com,FULL_TIME,FALL,2016,SUMMER,2019,Steven,M,Gray,101 N Tryon St,9801482988,,310,white,No,NC,F1,28246
BOSTON,Boston,MASTERS,Barbara311@gmail.com,FULL_TIME,FALL,2016,SUMMER,2019,Barbara,F,Jones,360 Huntington Ave,6177164090,,311,Hispanic,Yes,MA,F1,02115
SEATTLE,Seattle,MASTERS,Lisa312@gmail.com,FULL_TIME,FALL,2017,SUMMER,2020,Lisa,F,Allen,401 Terry Ave N,2060108015,,312,white,No,WA,,98109
SEATTLE,Seattle,MASTERS,Jennifer313@gmail.com,FULL_TIME,FALL,2017,SUMMER,2020,Jennifer,F,Hall,401 Terry Ave N,2060080723,,313,African American,No,WA,,98109
SILICON_VALLEY,San Jose,MASTERS,James314@gmail.com,FULL_TIME,FALL,2016,SUMMER,2019,James,M,White,Front Street,2205702831,,314,white,No,CA,F1,94080
SEATTLE,Seattle,MASTERS,Mary315@gmail.com,FULL_TIME,FALL,2017,SUMMER,2020,Mary,F,Taylor,401 Terry Ave N,2065114786,,315,Asian,No,WA,F1,98109
SEATTLE,Seattle,MASTERS,Joseph316@gmail.com,FULL_TIME,FALL,2016,SUMMER,2019,Joseph,M,Wilson,401 Terry Ave N,2066124862,,316,white,No,WA,,98109
BOSTON,Boston,MASTERS,Christopher317@gmail.com,FULL_TIME,FALL,2017,SUMMER,2020,Christopher,M,Ward,360 Huntington Ave,6173664226,,317,Asian,No,MA,,02115
CHARLOTTE,Charlotte,MASTERS,Sarah318@gmail.com,FULL_TIME,FALL,2017,SUMMER,2020,Sarah,F,Miller,101 N Tryon St,9808375703,,318,white,Yes,NC,F1,28246
BOSTON,Boston,MASTERS,Margaret319@gmail.com,FULL_TIME,FALL,2017,SUMMER,2020,Margaret,F,Wilson,360 Huntington Ave,6171511813,,319,Asian,No,MA,F1,02115
SEATTLE,Seattle,MASTERS,William320@gmail.com,FULL_TIME,FALL,2015,SUMMER,2018,William,M,Miller,401 Terry Ave N,2065781334,,320,Asian,No,WA,,98109
SEATTLE,Seattle,MASTERS,Patricia321@gmail.com,GRADUATED,SPRING,2014,SUMMER,2017,Patricia,F,Brown,401 Terry Ave N,2066126378,,321,Asian,No,WA,F1,98109
SILICON_VALLEY,San Jose,MASTERS,Lisa322@gmail.com,FULL_TIME,FALL,2016,SUMMER,2019,Lisa,F,Gray,Front Street,2201036715,,322,Hispanic,No,CA,F1,94080
SILICON_VALLEY,San Jose,MASTERS,Paul323@gmail.com,FULL_TIME,FALL,2016,SUMMER,2019,Paul,M,Wood,Front Street,2208851643,,323,Hispanic,No,CA,F1,94080
SEATTLE,Seattle,MASTERS,Ashley324@gmail.com,FULL_TIME,SPRING,2015,SUMMER,2018,Ashley,F,Taylor,401 Terry Ave N,2065779466,,324,African American,No,WA,,98109
SILICON_VALLEY,San Jose,MASTERS,Charles325@gmail.com,FULL_TIME,FALL,2015,SUMMER,2018,Charles,M,Allen,Front Street,2204090289,,325,African American,Yes,CA,F1,94080
BOSTON,Boston,MASTERS,Robert326@gmail.com,FULL_TIME,SPRING,2016,SUMMER,2019,Robert,M,Taylor,360 Huntington Ave,6178726442,,326,Asian,Yes,MA,F1,02115
BOSTON,Boston,MASTERS,Jessica327@gmail.com,FULL_TIME,FALL,2015,SUMMER,2018,Jessica,F,Brown,360 Huntington Ave,6173782071,,327,African American,No,MA,,02115
BOSTON,Boston,MASTERS,Kimberly328@gmail.com,FULL_TIME,FALL,2015,SUMMER,2018,Kimberly,F,Jackson,360 Huntington Ave,6171618591,,328,white,No,MA,F1,02115
SEATTLE,Seattle,MASTERS,Betty329@gmail.com,FULL_TIME,FALL,2017,SUMMER,2020,Betty,F,Wood,401 Terry Ave N,2068030094,,329,white,No,WA,,98109
BOSTON,Boston,MASTERS,Sandra330@gmail.com,FULL_TIME,FALL,2017,SUMMER,2020,Sandra,F,Wilson,360 Huntington Ave,6170880298,,330,white,No,MA,,02115
SEATTLE,Seattle,MASTERS,Karen331@gmail.com,FULL_TIME,FALL,2016,SUMMER,2019,Karen,F,Taylor,401 Terry Ave N,2069224166,,331,African American,Yes,WA,F1,98109
CHARLOTTE,Charlotte,MASTERS,Jessica332@gmail.com,FULL_TIME,FALL,2015,SUMMER,2018,Jessica,F,Lee,101 N Tryon St,9803502649,,332,Asian,No,NC,,28246
BOSTON,Boston,MASTERS,Robert333@gmail.com,FULL_TIME,FALL,2017,SUMMER,2020,Robert,M,Taylor,360 Huntington Ave,6177186983,,333,white,No,MA,,02115
CHARLOTTE,Charlotte,MASTERS,Mary334@gmail.com,FULL_TIME,FALL,2017,SUMMER,2020,Mary,F,Davis,101 N Tryon St,9804210928,,334,African American,Yes,NC,F1,28246
SEATTLE,Seattle,MASTERS,Karen335@gmail.com,FULL_TIME,FALL,2015,SUMMER,2018,Karen,F,Lee,401 Terry Ave N,2063091357,,335,white,No,WA,F1,98109
BOSTON,Boston,MASTERS,Margaret336@gmail.com,FULL_TIME,FALL,2016,SUMMER,2019,Margaret,F,Davis,360 Huntington Ave,6173457204,,336,Hispanic,No,MA,F1,02115
SEATTLE,Seattle,MASTERS,Kimberly337@gmail.com,FULL_TIME,FALL,2017,SUMMER,2020,Kimberly,F,Brown,401 Terry Ave N,2067556978,,337,Hispanic,Yes,WA,F1,98109
SEATTLE,Seattle,MASTERS,Linda338@gmail.com,FULL_TIME,FALL,2015,SUMMER,2018,Linda,F,Ward,401 Terry Ave N,2067482313,,338,Asian,No,WA,,98109
SEATTLE,Seattle,MASTERS,Richard339@gmail.com,GRADUATED,FALL,2014,SUMMER,2017,Richard,M,Wood,401 Terry Ave N,2068081597,,339,African American,No,WA,,98109
BOSTON,Boston,MASTERS,Nancy340@gmail.com,FULL_TIME,SPRING,2016,SUMMER,2019,Nancy,F,Perry,360 Huntington Ave,6174287470,,340,Asian,No,MA,F1,02115
SEATTLE,Seattle,MASTERS,Jennifer341@gmail.com,FULL_TIME,SPRING,2016,SUMMER,2019,Jennifer,F,Ward,401 Terry Ave N,2060626212,,341,African American,No,WA,,98109
SEATTLE,Seattle,MASTERS,Jennifer342@gmail.com,FULL_TIME,SPRING,2015,SUMMER,2018,Jennifer,F,Davis,401 Terry Ave N,2068999802,,342,white,No,WA,,98109
CHARLOTTE,Charlotte,MASTERS,Dorothy343@gmail.com,FULL_TIME,SPRING,2015,SUMMER,2018,Dorothy,F,Gray,101 N Tryon St,9806535012,,343,Hispanic,No,NC,F1,28246
SEATTLE,Seattle,MASTERS,Charles344@gmail.com,FULL_TIME,FALL,2017,SUMMER,2020,Charles,M,Lee,401 Terry Ave N,2069699651,,344,white,No,WA,,98109
SEATTLE,Seattle,MASTERS,Nancy345@gmail.com,FULL_TIME,SPRING,2017,SUMMER,2020,Nancy,F,Hall,401 Terry Ave N,2067897789,,345,Asian,No,WA,,98109
SEATTLE,Seattle,MASTERS,Linda346@gmail.com,FULL_TIME,FALL,2017,SUMMER,2020,Linda,F,Allen,401 Terry Ave N,2060222913,,346,African American,No,WA,F1,98109
BOSTON,Boston,MASTERS,Susan347@gmail.com,FULL_TIME,FALL,2015,SUMMER,2018,Susan,F,Gray,360 Huntington Ave,6178462721,,347,African American,No,MA,,02115
BOSTON,Boston,MASTERS,Daniel348@gmail.com,FULL_TIME,SPRING,2017,SUMMER,2020,Daniel,M,Hall,360 Huntington Ave,6173278313,,348,white,Yes,MA,F1,02115
BOSTON,Boston,MASTERS,Charles349@gmail.com,FULL_TIME,FALL,2017,SUMMER,2020,Charles,M,Brown,360 Huntington Ave,6175170740,,349,Asian,No,MA,F1,02115
SEATTLE,Seattle,MASTERS,Mark350@gmail.com,FULL_TIME,FALL,2016,SUMMER,2019,Mark,M,Allen,401 Terry Ave N,2069340652,,350,Asian,No,WA,F1,98109
BOSTON,Boston,MASTERS,Anthony351@gmail.com,GRADUATED,FALL,2014,SUMMER,2017,Anthony,M,Miller,360 Huntington Ave,6174263916,,351,African American,No,MA,F1,02115
BOSTON,Boston,MASTERS,William352@gmail.com,FULL_TIME,FALL,2015,SUMMER,2018,William,M,Gray,360 Huntington Ave,6175522792,,352,white,No,MA,F1,02115
BOSTON,Boston,MASTERS,Matthew353@gmail.com,FULL_TIME,FALL,2016,SUMMER,2019,Matthew,M,Brown,360 Huntington Ave,6172173587,,353,Hispanic,No,MA,F1,02115
BOSTON,Boston,MASTERS,Jennifer354@gmail.com,FULL_TIME,FALL,2016,SUMMER,2019,Jennifer,F,Johnson,360 Huntington Ave,6172907728,,354,Asian,No,MA,F1,02115
SEATTLE,Seattle,MASTERS,Matthew355@gmail.com,FULL_TIME,FALL,2017,SUMMER,2020,Matthew,M,Lopez,401 Terry Ave N,2061646600,,355,Hispanic,No,WA,,98109
BOSTON,Boston,MASTERS,Jessica356@gmail.com,FULL_TIME,FALL,2017,SUMMER,2020,Jessica,F,Ward,360 Huntington Ave,6172099950,,356,Asian,No,MA,,02115
SEATTLE,Seattle,MASTERS,Patricia357@gmail.com,FULL_TIME,SPRING,2017,SUMMER,2020,Patricia,F,Jackson,401 Terry Ave N,2066392619,,357,Asian,No,WA,,98109
BOSTON,Boston,MASTERS,Lisa358@gmail.com,GRADUATED,FALL,2014,SUMMER,2017,Lisa,F,Jackson,360 Huntington Ave,6175348927,,358,Hispanic,Yes,MA,F1,02115
SEATTLE,Seattle,MASTERS,Matthew359@gmail.com,FULL_TIME,FALL,2017,SUMMER,2020,Matthew,M,Carter,401 Terry Ave N,2060865571,,359,Hispanic,No,WA,,98109
BOSTON,Boston,MASTERS,Patricia360@gmail.com,GRADUATED,FALL,2014,SUMMER,2017,Patricia,F,Johnson,360 Huntington Ave,6174613508,,360,Asian,No,MA,,02115
BOSTON,Boston,MASTERS,Kenneth361@gmail.com,FULL_TIME,FALL,2017,SUMMER,2020,Kenneth,M,Taylor,360 Huntington Ave,6176851327,,361,Hispanic,No,MA,,02115
BOSTON,Boston,MASTERS,Dorothy362@gmail.com,FULL_TIME,SPRING,2016,SUMMER,2019,Dorothy,F,Taylor,360 Huntington Ave,6173980066,,362,African American,No,MA,F1,02115
BOSTON,Boston,MASTERS,Mary363@gmail.com,FULL_TIME,FALL,2017,SUMMER,2020,Mary,F,Allen,360 Huntington Ave,6177548733,,363,Asian,No,MA,F1,02115
SEATTLE,Seattle,MASTERS,Elizabeth364@gmail.com,FULL_TIME,SPRING,2017,SUMMER,2020,Elizabeth,F,White,401 Terry Ave N,2060147394,,364,African American,No,WA,,98109
BOSTON,Boston,MASTERS,Paul365@gmail.com,FULL_TIME,FALL,2016,SUMMER,2019,Paul,M,Miller,360 Huntington Ave,6174514213,,365,Hispanic,No,MA,,02115
BOSTON,Boston,MASTERS,Jessica366@gmail.com,FULL_TIME,FALL,2017,SUMMER,2020,Jessica,F,Perry,360 Huntington Ave,6175475330,,366,Hispanic,Yes,MA,F1,02115
BOSTON,Boston,MASTERS,Betty367@gmail.com,FULL_TIME,FALL,2016,SUMMER,2019,Betty,F,Hall,360 Huntington Ave,6174026655,,367,white,No,MA,,02115
SEATTLE,Seattle,MASTERS,David368@gmail.com,FULL_TIME,FALL,2017,SUMMER,2020,David,M,Jackson,401 Terry Ave N,2065921278,,368,white,No,WA,F1,98109
CHARLOTTE,Charlotte,MASTERS,Thomas369@gmail.com,FULL_TIME,FALL,2016,SUMMER,2019,Thomas,M,Brown,101 N Tryon St,9803381390,,369,Asian,No,NC,F1,28246
BOSTON,Boston,MASTERS,Joseph370@gmail.com,FULL_TIME,FALL,2016,SUMMER,2019,Joseph,M,Miller,360 Huntington Ave,6174607927,,370,African American,No,MA,F1,02115
BOSTON,Boston,MASTERS,Lisa371@gmail.com,FULL_TIME,FALL,2017,SUMMER,2020,Lisa,F,White,360 Huntington Ave,6174869889,,371,Hispanic,No,MA,,02115
SEATTLE,Seattle,MASTERS,Robert372@gmail.com,FULL_TIME,FALL,2015,SUMMER,2018,Robert,M,Johnson,401 Terry Ave N,2063197214,,372,Hispanic,No,WA,,98109
SEATTLE,Seattle,MASTERS,Matthew373@gmail.com,FULL_TIME,FALL,2016,SUMMER,2019,Matthew,M,Hall,401 Terry Ave N,2063094425,,373,Asian,No,WA,,98109
SEATTLE,Seattle,MASTERS,Karen374@gmail.com,FULL_TIME,FALL,2016,SUMMER,2019,Karen,F,Davis,401 Terry Ave N,2064335129,,374,Hispanic,No,WA,,98109
BOSTON,Boston,MASTERS,Barbara375@gmail.com,FULL_TIME,FALL,2016,SUMMER,2019,Barbara,F,White,360 Huntington Ave,6178405454,,375,white,No,MA,,02115
SILICON_VALLEY,San Jose,MASTERS,Lisa376@gmail.com,FULL_TIME,FALL,2016,SUMMER,2019,Lisa,F,Smith,Front Street,2205169738,,376,Hispanic,No,CA,F1,94080
SILICON_VALLEY,San Jose,MASTERS,Kimberly377@gmail.com,FULL_TIME,FALL,2015,SUMMER,2018,Kimberly,F,Perry,Front Street,2205505598,,377,white,No,CA,,94080
SEATTLE,Seattle,MASTERS,Barbara378@gmail.com,FULL_TIME,FALL,2015,SUMMER,2018,Barbara,F,White,401 Terry Ave N,2063184734,,378,Asian,No,WA,F1,98109
CHARLOTTE,Charlotte,MASTERS,Ashley379@gmail.com,GRADUATED,FALL,2014,SUMMER,2017,Ashley,F,Gray,101 N Tryon St,9802202948,,379,white,No,NC,F1,28246
BOSTON,Boston,MASTERS,Andrew380@gmail.com,FULL_TIME,FALL,2017,SUMMER,2020,Andrew,M,Carter,360 Huntington Ave,6179046684,,380,African American,No,MA,F1,02115
BOSTON,Boston,MASTERS,Patricia381@gmail.com,FULL_TIME,FALL,2016,SUMMER,2019,Patricia,F,Ward,360 Huntington Ave,6177390724,,381,white,No,MA,,02115
BOSTON,Boston,MASTERS,Michael382@gmail.com,FULL_TIME,SPRING,2017,SUMMER,2020,Michael,M,Johnson,360 Huntington Ave,6174414379,,382,white,No,MA,,02115
CHARLOTTE,Charlotte,MASTERS,Matthew383@gmail.com,FULL_TIME,FALL,2016,SUMMER,2019,Matthew,M,Davis,101 N Tryon St,9807950827,,383,Asian,No,NC,,28246
BOSTON,Boston,MASTERS,Charles384@gmail.com,FULL_TIME,SPRING,2016,SUMMER,2019,Charles,M,White,360 Huntington Ave,6178515800,,384,white,No,MA,F1,02115
BOSTON,Boston,MASTERS,Linda385@gmail.com,FULL_TIME,FALL,2017,SUMMER,2020,Linda,F,Taylor,360 Huntington Ave,6177063664,,385,white,No,MA,F1,02115
BOSTON,Boston,MASTERS,Michael386@gmail.com,FULL_TIME,FALL,2017,SUMMER,2020,Michael,M,Miller,360 Huntington Ave,6178661784,,386,white,No,MA,,02115
SEATTLE,Seattle,MASTERS,Susan387@gmail.com,FULL_TIME,FALL,2015,SUMMER,2018,Susan,F,Perry,401 Terry Ave N,2060572437,,387,African American,No,WA,F1,98109
SILICON_VALLEY,San Jose,MASTERS,Barbara388@gmail.com,FULL_TIME,FALL,2016,SUMMER,2019,Barbara,F,Davis,Front Street,2206148226,,388,Asian,No,CA,,94080
BOSTON,Boston,MASTERS,Robert389@gmail.com,FULL_TIME,FALL,2016,SUMMER,2019,Robert,M,Ward,360 Huntington Ave,6176998203,,389,Asian,No,MA,,02115
BOSTON,Boston,MASTERS,Joseph390@gmail.com,FULL_TIME,FALL,2017,SUMMER,2020,Joseph,M,Miller,360 Huntington Ave,6171167664,,390,African American,No,MA,,02115
BOSTON,Boston,MASTERS,Thomas391@gmail.com,FULL_TIME,FALL,2017,SUMMER,2020,Thomas,M,Lopez,360 Huntington Ave,6173192172,,391,Asian,No,MA,F1,02115
BOSTON,Boston,MASTERS,Charles392@gmail.com,FULL_TIME,FALL,2017,SUMMER,2020,Charles,M,Smith,360 Huntington Ave,6178193431,,392,white,No,MA,F1,02115
SEATTLE,Seattle,MASTERS,Elizabeth393@gmail.com,FULL_TIME,FALL,2017,SUMMER,2020,Elizabeth,F,Jackson,401 Terry Ave N,2062315411,,393,white,No,WA,,98109
SEATTLE,Seattle,MASTERS,William394@gmail.com,FULL_TIME,SPRING,2016,SUMMER,2019,William,M,Wood,401 Terry Ave N,2067860233,,394,white,No,WA,,98109
SEATTLE,Seattle,MASTERS,Lisa395@gmail.com,FULL_TIME,FALL,2016,SUMMER,2019,Lisa,F,Wood,401 Terry Ave N,2062534513,,395,Hispanic,No,WA,F1,98109
BOSTON,Boston,MASTERS,Karen396@gmail.com,FULL_TIME,FALL,2015,SUMMER,2018,Karen,F,Miller,360 Huntington Ave,6175160618,,396,Asian,No,MA,F1,02115
SEATTLE,Seattle,MASTERS,Elizabeth397@gmail.com,FULL_TIME,FALL,2017,SUMMER,2020,Elizabeth,F,Perry,401 Terry Ave N,2066353923,,397,white,No,WA,,98109
SEATTLE,Seattle,MASTERS,Donald398@gmail.com,FULL_TIME,SPRING,2017,SUMMER,2020,Donald,M,Hall,401 Terry Ave N,2060805488,,398,Asian,No,WA,,98109
SEATTLE,Seattle,MASTERS,Christopher399@gmail.com,FULL_TIME,FALL,2015,SUMMER,2018,Christopher,M,Brown,401 Terry Ave N,2068039401,,399,white,No,WA,F1,98109
